seed,arm,mass,pre_dL,post_dL,edge50,common25,contrast,extensions,reconnections,reconnect_rate,mean_field_power
0,coherent,70,-2,-1,-12,-7,-0.026089778556172,23,14,0.6086956521739131,8.227580479866801e-05
0,phase_scramble,70,-2,-2,-25,-11,-0.04723433010735216,19,14,0.7368421052631579,8.076081391708258e-05
0,phase_reverse,70,-2,-2,-7,-7,-0.2485532018104394,16,8,0.5,8.071818364088459e-05
0,magnitude_only,70,-2,-2,-19,-15,-0.38458752248472317,15,11,0.7333333333333333,8.126634629472089e-05
0,no_field,70,-2,-2,-23,-19,-0.5034067313992554,24,12,0.5,7.856168843526727e-05
0,no_credit,70,-2,0,-10,-6,-0.33167248080683287,20,11,0.55,8.254026192686424e-05
1,coherent,70,-1,0,-6,-4,-0.18773211031350218,15,11,0.7333333333333333,8.579658420318183e-05
1,phase_scramble,70,-1,-1,15,-7,0.18578617106621265,17,8,0.47058823529411764,8.587162422833849e-05
1,phase_reverse,70,-1,-1,-4,-2,0.08399320767318665,19,8,0.42105263157894735,8.569053140819151e-05
1,magnitude_only,70,-1,-1,-5,-4,0.10643522863767738,21,12,0.5714285714285714,8.657792546608157e-05
1,no_field,70,-1,-1,-8,-8,-0.527397177213959,20,9,0.45,8.564486358390393e-05
1,no_credit,70,-1,0,-7,-9,-0.35707491264531666,14,9,0.6428571428571429,8.632337873848428e-05
2,coherent,70,0,1,29,8,0.24879430669906083,19,6,0.3157894736842105,8.249415245684431e-05
2,phase_scramble,70,0,0,-4,-2,-0.02169188235817353,24,6,0.25,8.304023454444278e-05
2,phase_reverse,70,0,0,14,0,0.029784256163572238,16,9,0.5625,8.70307087789494e-05
2,magnitude_only,70,0,3,35,27,0.18094599759027116,20,4,0.2,8.409847210957524e-05
2,no_field,70,0,0,-1,-4,0.23742833502522706,20,7,0.35,8.406776809740298e-05
2,no_credit,70,0,4,20,12,0.3073293988882994,24,8,0.3333333333333333,8.427756098446555e-05
3,coherent,70,-7,-1,-4,-1,0.2273210741879684,19,8,0.42105263157894735,8.495405343467155e-05
3,phase_scramble,70,-7,-1,-7,-3,-0.27712034449141426,24,6,0.25,8.18466098435364e-05
3,phase_reverse,70,-7,-1,-6,-3,-0.09464137004545808,20,13,0.65,8.334185779309185e-05
3,magnitude_only,70,-7,-1,-8,-6,-0.20621875229852105,24,10,0.4166666666666667,8.287806862325751e-05
3,no_field,70,-7,-1,-9,-3,-0.1121874685210003,24,9,0.375,8.34417884302891e-05
3,no_credit,70,-7,-7,-38,-36,-0.09890504661362583,14,6,0.42857142857142855,8.143866643529741e-05
4,coherent,70,2,1,7,6,0.2773045918434764,24,11,0.4583333333333333,8.190953310815985e-05
4,phase_scramble,70,2,0,3,-2,-0.16263517625829893,24,10,0.4166666666666667,8.14739388085665e-05
4,phase_reverse,70,2,1,7,5,0.04279196266325008,19,12,0.631578947368421,8.730417798988001e-05
4,magnitude_only,70,2,1,0,2,-0.11473295134723226,22,11,0.5,8.769615408097151e-05
4,no_field,70,2,1,0,2,-0.11473295134723226,22,11,0.5,8.766191015436359e-05
4,no_credit,70,2,1,4,1,-0.18671834355864766,24,7,0.2916666666666667,8.521106126124778e-05
5,coherent,70,0,0,2,3,0.39187139530796034,16,10,0.625,8.305561670596262e-05
5,phase_scramble,70,0,0,2,3,0.3918717432863703,16,10,0.625,8.304904662676588e-05
5,phase_reverse,70,0,-6,-19,-32,-0.5024912084399935,20,16,0.8,8.431576315122886e-05
5,magnitude_only,70,0,1,5,6,-0.08353800294542932,20,11,0.55,8.501583267338396e-05
5,no_field,70,0,0,20,2,0.01927508641413857,24,10,0.4166666666666667,8.25286540759862e-05
5,no_credit,70,0,-2,12,-8,0.23662562076811314,16,10,0.625,8.50528874138945e-05
6,coherent,70,0,0,4,3,0.20884094523798816,24,6,0.25,7.875422202058896e-05
6,phase_scramble,70,0,0,3,6,0.30620238114646153,16,2,0.125,7.785659257643197e-05
6,phase_reverse,70,0,0,4,5,0.30382613579409135,20,7,0.35,7.913396719535133e-05
6,magnitude_only,70,0,-2,-8,-13,-0.006458862632986025,20,3,0.15,7.919752787523116e-05
6,no_field,70,0,0,6,6,0.2529890512662192,20,4,0.2,7.896393465184954e-05
6,no_credit,70,0,0,3,2,0.2744010084053047,22,6,0.2727272727272727,7.874255120378216e-05
7,coherent,70,5,4,14,14,0.42330525253335344,19,10,0.5263157894736842,8.494192051323858e-05
7,phase_scramble,70,5,5,29,27,0.41218149635255363,20,11,0.55,8.618824160401396e-05
7,phase_reverse,70,5,5,30,29,0.40710243947534874,18,10,0.5555555555555556,8.401598113039199e-05
7,magnitude_only,70,5,5,26,25,0.04979426748918327,20,9,0.45,8.235015269756711e-05
7,no_field,70,5,5,25,23,0.0015194878580251066,20,8,0.4,8.232421644925757e-05
7,no_credit,70,5,4,14,14,0.43795106557139535,19,10,0.5263157894736842,8.37501432202872e-05
8,coherent,70,-1,-1,-18,-1,-0.3498402561408251,15,8,0.5333333333333333,8.442722340854895e-05
8,phase_scramble,70,-1,-1,0,-6,-0.11029787872315792,12,10,0.8333333333333334,8.729916897544222e-05
8,phase_reverse,70,-1,0,-18,-13,-0.22959840678887278,15,8,0.5333333333333333,8.767616157949003e-05
8,magnitude_only,70,-1,0,-9,0,-0.02992019056687318,16,8,0.5,8.77547330494129e-05
8,no_field,70,-1,-1,-18,-1,-0.3498401911181891,15,8,0.5333333333333333,8.449319266566767e-05
8,no_credit,70,-1,-2,-12,-12,-0.2582673788913963,18,7,0.3888888888888889,8.518769286464728e-05
9,coherent,70,-2,2,-6,9,-0.242111458459581,14,5,0.35714285714285715,8.725285324828747e-05
9,phase_scramble,70,-2,-2,-11,-5,-0.09295627282540704,13,3,0.23076923076923078,8.801502463661059e-05
9,phase_reverse,70,-2,-2,-9,-6,-0.17817751510054272,10,7,0.7,8.95898700955892e-05
9,magnitude_only,70,-2,-2,-15,-13,-0.3448830587345052,19,7,0.3684210526315789,8.645993327149881e-05
9,no_field,70,-2,-2,-15,-13,-0.3448830587345052,19,7,0.3684210526315789,8.645993327149881e-05
9,no_credit,70,-2,-2,-16,-11,0.010323501018832863,15,3,0.2,8.73992042124251e-05
10,coherent,70,2,2,-7,-3,-0.3099346977490941,11,5,0.45454545454545453,8.014827753615666e-05
10,phase_scramble,70,2,2,9,9,-0.0208476609575619,13,5,0.38461538461538464,8.160026871766806e-05
10,phase_reverse,70,2,2,1,9,0.17553871942630578,11,7,0.6363636363636364,8.094278573227914e-05
10,magnitude_only,70,2,2,14,13,0.06866660635620878,10,4,0.4,8.006112955172284e-05
10,no_field,70,2,2,30,12,0.11322722265792835,15,5,0.3333333333333333,8.069326787089419e-05
10,no_credit,70,2,0,-27,1,-0.1438261310178536,12,4,0.3333333333333333,8.048158384749766e-05
11,coherent,70,0,0,-26,0,-0.2607671079913946,24,2,0.08333333333333333,8.593442772072042e-05
11,phase_scramble,70,0,2,11,15,0.14896036767336815,23,9,0.391304347826087,8.863286640961278e-05
11,phase_reverse,70,0,0,-3,-5,-0.3779778373613673,20,8,0.4,8.669551633349531e-05
11,magnitude_only,70,0,0,1,-1,-0.1875839578972386,19,7,0.3684210526315789,8.613052356704682e-05
11,no_field,70,0,0,25,4,0.31908699705020066,23,3,0.13043478260869565,8.642810531493221e-05
11,no_credit,70,0,5,0,30,0.09283355885509018,24,3,0.125,8.705312846520503e-05
12,coherent,70,-1,1,5,6,0.3791988812042666,24,12,0.5,8.870864566764188e-05
12,phase_scramble,70,-1,-2,8,3,0.29851270198721386,24,9,0.375,8.517104416149045e-05
12,phase_reverse,70,-1,-1,8,-1,0.11434030771894106,24,11,0.4583333333333333,8.714509665471344e-05
12,magnitude_only,70,-1,-1,-3,-7,0.1806423861287756,24,9,0.375,8.638215351750332e-05
12,no_field,70,-1,-2,-12,-14,-0.21372789027754246,24,9,0.375,8.614601294393904e-05
12,no_credit,70,-1,-1,-1,0,-0.13055366101697893,24,9,0.375,8.644991277467145e-05
13,coherent,70,6,6,33,36,0.18448892090271155,23,5,0.21739130434782608,8.48770501309875e-05
13,phase_scramble,70,6,6,33,34,0.3566961850153968,24,7,0.2916666666666667,8.311444826997811e-05
13,phase_reverse,70,6,4,20,24,0.42608271865193087,23,7,0.30434782608695654,8.229535713945147e-05
13,magnitude_only,70,6,6,26,33,0.4046634073621826,24,10,0.4166666666666667,8.41561198841292e-05
13,no_field,70,6,6,34,38,0.13442605627668952,24,9,0.375,8.573033310376054e-05
13,no_credit,70,6,6,30,36,0.2496616955582725,23,4,0.17391304347826086,8.491538328314618e-05
14,coherent,70,-2,-2,-12,-10,-0.049625503479726364,15,8,0.5333333333333333,8.527080978303224e-05
14,phase_scramble,70,-2,-2,-15,-10,-0.25368867853498017,17,9,0.5294117647058824,8.749383847985983e-05
14,phase_reverse,70,-2,-2,-13,-14,-0.032383118106119595,19,7,0.3684210526315789,8.678897365952152e-05
14,magnitude_only,70,-2,-2,-15,-10,-0.19073247054021045,16,10,0.625,8.588126400057818e-05
14,no_field,70,-2,-2,-16,-15,-0.08151714235713438,17,8,0.47058823529411764,8.533583391883642e-05
14,no_credit,70,-2,-2,-1,0,0.21824741748532162,18,12,0.6666666666666666,8.610482206389886e-05
15,coherent,70,0,0,6,1,0.07232586617422396,20,8,0.4,8.691632373982984e-05
15,phase_scramble,70,0,0,2,0,-0.14847324316422958,24,10,0.4166666666666667,9.044043757218863e-05
15,phase_reverse,70,0,-5,-30,-33,-0.45146987124252114,22,10,0.45454545454545453,8.45928838175938e-05
15,magnitude_only,70,0,0,8,5,0.12229119487240239,24,9,0.375,8.787427786119097e-05
15,no_field,70,0,0,-3,-4,-0.12114247884763181,24,5,0.20833333333333334,8.683344667382976e-05
15,no_credit,70,0,-1,-1,-4,-0.10006152312741691,20,9,0.45,8.589619005682102e-05
